Epoch,Train Loss,Val Accuracy,Val F1,Val AUC,Val Sensitivity,Val Specificity
1,0.674325011200733,0.8237922368053616,0.7112128146453089,0.8592330593065622,0.6680997420464316,0.8986765922249793
2,0.34802376337953517,0.8832728288187657,0.8066604995374653,0.917088588239394,0.7497850386930353,0.9474772539288668
3,0.2599061101943523,0.7391790002792517,0.6973428386260532,0.9286314236803793,0.9251934651762683,0.6497105045492142
4,0.21454575654488425,0.8905333705668808,0.8316151202749141,0.9343395442749172,0.8323301805674979,0.9185277088502894
5,0.1563920236721232,0.8670762356883552,0.8114104595879557,0.9413633916449217,0.880481513327601,0.8606286186931348
6,0.13203458723754766,0.7886065344875733,0.7411965811965812,0.946933538728951,0.9320722269991402,0.7196029776674938
7,0.11169565536148914,0.8869030996928232,0.8272921108742004,0.936513693870918,0.8340498710232158,0.91232423490488
8,0.09141782288825526,0.8268640044680257,0.7587548638132295,0.9189174484572926,0.8383490971625107,0.8213399503722084
9,0.07965579373040446,0.8438983524155264,0.7878557874762808,0.9404925227602952,0.8925193465176269,0.8205128205128205
10,0.07949203366480835,0.814018430605976,0.7619728377412437,0.9397500261367346,0.9165950128976784,0.7646815550041357
11,0.07282004276340878,0.8659592292655682,0.7960917587085812,0.9303763618661132,0.8056749785038693,0.8949545078577337
12,0.05709923941302239,0.7386204970678582,0.7036098796706777,0.9454023172437729,0.9552880481513327,0.6344086021505376
13,0.06053011043538415,0.8226752303825747,0.7627941725812477,0.9325062390341287,0.8779019776440241,0.7961124896608768
14,0.05148125668622654,0.7858140184306059,0.7399118345201763,0.9414416240477872,0.938091143594153,0.7125723738626965
15,0.03524381820917935,0.810946662943312,0.7535493265380415,0.9325807376177664,0.8899398108340498,0.7729528535980149
16,0.0446000977543598,0.7458810388159732,0.710006373486297,0.9418516329591692,0.9578675838349097,0.6439205955334988
17,0.037575741867856796,0.8411058363585591,0.7767752059631228,0.9325506892630295,0.8512467755803955,0.8362282878411911
18,0.046114068389985594,0.8288187657079028,0.7718645329363603,0.9388229721627775,0.8916595012897678,0.7985938792390406
19,0.026149104569035977,0.8480871265009774,0.7917304747320061,0.9422040343738953,0.8890799656061908,0.8283705541770058
20,0.03220714818238415,0.8324490365819603,0.7686969930609098,0.9265769341005798,0.8572656921754084,0.8205128205128205
21,0.022366579943745572,0.8438983524155264,0.7914957105557627,0.9468560175297478,0.9122957867583835,0.8110008271298594
22,0.03730469465524227,0.8486456297123709,0.7918586789554531,0.9421846540740946,0.8865004299226139,0.8304383788254756
23,0.022255881511064054,0.7981010890812622,0.748696558915537,0.944319509667747,0.9260533104041273,0.7365591397849462
24,0.016826384843994135,0.8263055012566323,0.7731582786287381,0.9410549070563493,0.9114359415305245,0.7853598014888338
25,0.024088640885426546,0.8358000558503211,0.7706708268330733,0.9249914833361425,0.8495270851246776,0.8291976840363937
